<?xml version="1.0" encoding="UTF-8"?>
<project-private xmlns="http://www.netbeans.org/ns/project-private/1">
    <editor-bookmarks xmlns="http://www.netbeans.org/ns/editor-bookmarks/2" lastBookmarkId="0"/>
    <open-files xmlns="http://www.netbeans.org/ns/projectui-open-files/2">
        <group>
            <file>file:/C:/Users/Anjani/Documents/NetBeansProjects/jspcustom4/src/java/test/pro4.java</file>
            <file>file:/C:/Users/Anjani/Documents/NetBeansProjects/jspcustom4/web/WEB-INF/tlds/Gret.tld</file>
        </group>
    </open-files>
</project-private>
