<?xml version="1.0" encoding="UTF-8"?>
<project-private xmlns="http://www.netbeans.org/ns/project-private/1">
    <editor-bookmarks xmlns="http://www.netbeans.org/ns/editor-bookmarks/2" lastBookmarkId="0"/>
    <open-files xmlns="http://www.netbeans.org/ns/projectui-open-files/2">
        <group>
            <file>file:/C:/Users/Anjani/Documents/NetBeansProjects/customjsp6/src/java/test/pro6.java</file>
            <file>file:/C:/Users/Anjani/Documents/NetBeansProjects/customjsp6/web/pro6.jsp</file>
            <file>file:/C:/Users/Anjani/Documents/NetBeansProjects/customjsp6/web/WEB-INF/tlds/Custom.tld</file>
            <file>file:/C:/Users/Anjani/Documents/NetBeansProjects/customjsp6/src/java/test/pro61.java</file>
            <file>file:/C:/Users/Anjani/Documents/NetBeansProjects/customjsp6/web/index.html</file>
        </group>
    </open-files>
</project-private>
